workload,workload_mode,dataset,split,evaluation_role,selection_policy,placement,graph_compute_placement,kv_storage_placement,baseline,memory_token_tile,topology_num_stacks,topology_banks_per_stack,topology_banks_per_pseudo_channel,topology_total_banks,topology_sid_count,num_queries,mean_latency_ns,p50_latency_ns,p95_latency_ns,selected_kv_count,selected_key_item_count,selected_value_item_count,cacheable_item_count,nog_count,gnn_layer_count,target_node_count,question_node_count,total_item_count,node_text_item_count,edge_text_item_count,selected_key_ratio,selected_value_ratio,selected_kv_ratio,memory_cache_bytes,edge_cache_bytes,full_key_bytes,full_value_bytes,selected_key_bytes,selected_value_bytes,persistent_cache_bytes,runtime_loaded_cache_bytes,traffic_byte_accounting,persistent_scale_bytes,runtime_loaded_scale_bytes,persistent_gather_index_metadata_bytes,runtime_gather_index_metadata_bytes,persistent_total_bytes,runtime_loaded_total_bytes,cache_inventory_sequence_tokens,cache_inventory_valid_text_tokens,selected_sequence_tokens,valid_text_tokens,stored_key_tokens,stored_value_tokens,trace_cached_qk_groups,trace_cached_pv_groups,runtime_qk_elements,runtime_pv_output_elements,nog_runtime_qk_elements,nog_runtime_pv_output_elements,selected_kv_active_banks,selected_kv_items_per_bank_mean,selected_kv_active_stacks,selected_kv_active_sid_domains,selected_kv_items_per_bank_p95,selected_kv_items_per_bank_max,selected_kv_bank_imbalance,selected_kv_bank_collision_ratio,selected_kv_stack_imbalance,selected_kv_sid_domain_imbalance,dominant_cached_kv_bottleneck_bank,cached_kv_bottleneck_bank_query_fraction,q_broadcast_bytes,score_traffic_bytes,p_return_traffic_bytes,message_reduce_traffic_bytes,local_combine_buffer_max_bytes,local_buffer_bytes_per_group,local_buffer_bytes_per_head_tile,local_buffer_bytes_per_destination,local_buffer_resident_head_tiles,local_buffer_concurrent_destinations,local_buffer_active_destinations_max,local_buffer_capacity_bytes_per_bank,local_buffer_overflow_bytes_per_bank,local_buffer_capacity_utilization,local_buffer_capacity_exceeded_query_fraction,pc_reducer_buffer_max_bytes,active_banks,active_pseudo_channels,active_stacks,near_bank_pe_utilization,reducer_utilization,bank_imbalance,pseudo_channel_imbalance,local_combine_reduction_ratio,pc_reduction_ratio,avg_edges_per_bank_dst,p95_edges_per_bank_dst,max_edges_per_bank_dst,message_traffic_before_local_combine,message_traffic_after_local_combine,mean_gnn_score_cycles,mean_gnn_message_cycles,mean_cached_kv_cycles,mean_reducer_cycles,mean_scheduling_cycles,mean_q8k8_vdot_cycles,mean_gnn_score_scale_cycles,mean_p8v8_vmul_cycles,mean_gnn_value_scale_cycles,mean_local_vadd_input_edge_groups,mean_local_vadd_initialization_groups,mean_local_vadd_operation_groups,mean_local_vadd_cycles,mean_q8k2_lut_cycles,mean_p8v2_lut_cycles,mean_cached_kv_scale_cycles,mean_cached_kv_lut_scale_overlap,mean_cached_kv_critical_lut_cycles,mean_cached_kv_critical_scale_cycles,mean_cached_kv_unoverlapped_cycles,mean_cached_kv_overlap_hidden_cycles,mean_cached_kv_raw_lut_fraction,mean_cached_kv_raw_scale_fraction,mean_cached_kv_overlap_hidden_fraction,mean_cached_kv_pipeline_compute_fraction,mean_cached_kv_pipeline_critical_path_fraction,mean_pc_reduce_cycles,mean_global_reduce_cycles,mean_cross_stack_merge_cycles,mean_h100_cache_read_cycles,mean_h100_int2_unpack_cycles,mean_h100_scale_dequant_cycles,mean_h100_layout_conversion_cycles,mean_h100_irregular_gather_penalty_cycles,mean_h100_small_batch_penalty_cycles,mean_h100_fixed_overhead_cycles,mean_h100_gnn_score_groups,mean_h100_gnn_message_groups,mean_h100_cached_kv_groups,dominant_bottleneck_stage,bottleneck_stage_query_fraction,mean_bottleneck_cycles,mean_bottleneck_fraction,duplicate_edge_count,duplicate_edge_ratio,unique_src_dst_count,in_degree_mean,in_degree_p50,in_degree_p95,in_degree_max,out_degree_mean,out_degree_p50,out_degree_p95,out_degree_max,dst_degree_hist_0,dst_degree_hist_1,dst_degree_hist_2_3,dst_degree_hist_4_7,dst_degree_hist_8_15,dst_degree_hist_16_31,dst_degree_hist_32_63,dst_degree_hist_64_plus,unique_source_banks,mapping_difference_ratio_vs_hash,edge_active_banks,edge_active_pseudo_channels,edge_active_stacks,edge_active_sid_domains,bank_edge_count_mean,bank_edge_count_p50,bank_edge_count_p95,bank_edge_count_max,pc_edge_count_mean,pc_edge_count_p50,pc_edge_count_p95,pc_edge_count_max,sharded_destination_count,stack_edge_count_mean,stack_edge_count_p95,stack_edge_count_max,stack_imbalance,sid_domain_imbalance,total_destination_shards,average_shards_per_destination,max_shards_per_destination,mean_compute_cycles,mean_communication_cycles,mean_q_broadcast_cycles,mean_bank_to_pc_communication_cycles,mean_pc_to_global_communication_cycles,mean_global_to_npu_communication_cycles,mean_critical_path_cycles,mean_critical_path_latency_ns,mean_traffic_stall_fraction,mean_q_broadcast_critical_bank_bytes,mean_bank_to_pc_total_bytes,mean_bank_to_pc_critical_bank_bytes,mean_bank_to_pc_critical_pc_bytes,mean_pc_to_global_total_bytes,mean_pc_to_global_critical_pc_bytes,mean_pc_to_global_critical_stack_bytes,mean_global_to_npu_bytes,mean_global_to_npu_critical_stack_bytes,mean_pc_reducer_input_groups,mean_pc_reducer_output_groups,mean_global_reducer_input_groups,mean_global_reducer_output_groups,mean_global_reducer_critical_stack_input_groups,mean_cross_stack_duplicate_output_groups
cora_node,trace,cora_node,validation,config_selection,target_1hop,source_dst_locality,source_dst_locality,balanced,pim_selective_kv_no_local_combine,4,5,512,32,2560,2,100,312307891.200000,301747200.000000,392732544.000000,8.230000,8.230000,8.230000,99.470000,1.000000,6.000000,1.000000,1.000000,100.470000,97.470000,3.000000,0.145626,0.145626,0.145626,26075463.680000,909312.000000,16977146.880000,16977146.880000,988492.800000,988492.800000,60029757.440000,28052449.280000,separate_quantized_data_fp32_scale_and_uint32_gather_index,2240860.160000,1680281.600000,397.880000,792.920000,62271015.480000,29733523.800000,24040.990000,11180.830000,1696.990000,643.550000,3861.300000,3861.300000,126527078.400000,126527078.400000,335012904.960000,316051292.160000,6291456.000000,3145728.000000,8.230000,1.000000,5.000000,8.230000,1.000000,1.000000,1.000000,0.000000,1.296724,1.000000,0,1.000000,83125862.400000,13672120.320000,6836060.160000,2363259617.280000,0.000000,128.000000,1024.000000,1024.000000,1.000000,0.000000,1.000000,1024.000000,0.000000,0.000000,0.000000,3193896.960000,105.700000,41.970000,5.000000,0.002365,0.340393,8.665554,4.369283,0.617142,0.000000,2.739355,6.860500,24.750000,1750031400.960000,613228216.320000,9732096.000000,9732096.000000,99239854.080000,433305.600000,3072.000000,4866048.000000,4866048.000000,4866048.000000,4866048.000000,0.000000,0.000000,0.000000,0.000000,24809963.520000,24809963.520000,49619927.040000,0.000000,49619927.040000,49619927.040000,99239854.080000,0.000000,0.500000,0.500000,0.000000,0.845645,0.807435,368762.880000,64542.720000,0.000000,0.000000,0.000000,0.000000,0.000000,0.000000,0.000000,0.000000,0.000000,0.000000,0.000000,pim_cached_kv_scale,1.000000,49619927.040000,0.403717,0.000000,0.000000,278.160000,2.739355,1.990000,6.860500,24.750000,2.739355,1.990000,6.860500,24.750000,0.000000,34.910000,41.600000,16.350000,3.460000,0.860000,0.240000,0.050000,97.470000,1.000000,97.470000,40.040000,4.860000,65.630000,2.739355,1.990000,6.860500,24.750000,6.513562,5.245000,14.924500,30.010000,0.000000,55.669333,72.467000,75.500000,1.359888,6.301711,97.470000,1.000000,1.000000,118704046.080000,5782732.800000,15360.000000,4869120.000000,375767.040000,522485.760000,124923156.480000,312307891.200000,0.043660,786432.000000,1750031400.960000,155713536.000000,188806594.560000,613228216.320000,23655874.560000,132183490.560000,613228216.320000,132183490.560000,54688481.280000,19163381.760000,19163381.760000,19163381.760000,4130734.080000,0.000000
cora_node,trace,cora_node,validation,config_selection,target_1hop,source_dst_locality,source_dst_locality,balanced,pim_selective_kv_local_combine,4,5,512,32,2560,2,100,311501491.200000,301132800.000000,390852480.000000,8.230000,8.230000,8.230000,99.470000,1.000000,6.000000,1.000000,1.000000,100.470000,97.470000,3.000000,0.145626,0.145626,0.145626,26075463.680000,909312.000000,16977146.880000,16977146.880000,988492.800000,988492.800000,60029757.440000,28052449.280000,separate_quantized_data_fp32_scale_and_uint32_gather_index,2240860.160000,1680281.600000,397.880000,792.920000,62271015.480000,29733523.800000,24040.990000,11180.830000,1696.990000,643.550000,3861.300000,3861.300000,126527078.400000,126527078.400000,335012904.960000,316051292.160000,6291456.000000,3145728.000000,8.230000,1.000000,5.000000,8.230000,1.000000,1.000000,1.000000,0.000000,1.296724,1.000000,0,1.000000,83125862.400000,13672120.320000,6836060.160000,1226456432.640000,1024.000000,128.000000,1024.000000,1024.000000,1.000000,1.000000,1.000000,1024.000000,0.000000,1.000000,0.000000,3193896.960000,105.700000,41.970000,5.000000,0.002390,0.755125,8.665554,4.369283,0.617142,0.000000,2.739355,6.860500,24.750000,1750031400.960000,613228216.320000,9732096.000000,14401536.000000,99239854.080000,110745.600000,3072.000000,4866048.000000,4866048.000000,4866048.000000,4866048.000000,54688481.280000,19163381.760000,35525099.520000,4669440.000000,24809963.520000,24809963.520000,49619927.040000,0.000000,49619927.040000,49619927.040000,99239854.080000,0.000000,0.500000,0.500000,0.000000,0.817300,0.809287,46202.880000,64542.720000,0.000000,0.000000,0.000000,0.000000,0.000000,0.000000,0.000000,0.000000,0.000000,0.000000,0.000000,pim_cached_kv_scale,1.000000,49619927.040000,0.404643,0.000000,0.000000,278.160000,2.739355,1.990000,6.860500,24.750000,2.739355,1.990000,6.860500,24.750000,0.000000,34.910000,41.600000,16.350000,3.460000,0.860000,0.240000,0.050000,97.470000,1.000000,97.470000,40.040000,4.860000,65.630000,2.739355,1.990000,6.860500,24.750000,6.513562,5.245000,14.924500,30.010000,0.000000,55.669333,72.467000,75.500000,1.359888,6.301711,97.470000,1.000000,1.000000,123373486.080000,1113292.800000,15360.000000,199680.000000,375767.040000,522485.760000,124600596.480000,311501491.200000,0.008912,786432.000000,613228216.320000,6291456.000000,23655874.560000,613228216.320000,23655874.560000,132183490.560000,613228216.320000,132183490.560000,19163381.760000,19163381.760000,19163381.760000,19163381.760000,4130734.080000,0.000000
cora_node,trace,cora_node,test,final_evaluation,target_1hop,source_dst_locality,source_dst_locality,balanced,pim_selective_kv_no_local_combine,4,5,512,32,2560,2,100,319321728.000000,309085440.000000,394902912.000000,10.320000,10.320000,10.320000,100.920000,1.000000,6.000000,1.000000,1.000000,101.920000,98.920000,3.000000,0.164969,0.164969,0.164969,26455572.480000,909312.000000,17341009.920000,17341009.920000,1338178.560000,1338178.560000,61137592.320000,29131929.600000,separate_quantized_data_fp32_scale_and_uint32_gather_index,2273525.760000,1716879.360000,403.680000,899.040000,63411521.760000,30849708.000000,24463.480000,11417.720000,2192.170000,871.210000,5227.260000,5227.260000,171286855.680000,171286855.680000,345169182.720000,320612597.760000,6291456.000000,3145728.000000,10.320000,1.000000,5.000000,10.320000,1.000000,1.000000,1.000000,0.000000,1.315347,1.000000,0,1.000000,85815459.840000,14353367.040000,7176683.520000,2459581808.640000,0.000000,128.000000,1024.000000,1024.000000,1.000000,0.000000,1.000000,1024.000000,0.000000,0.000000,0.000000,3241410.560000,109.120000,42.510000,5.000000,0.002882,0.333845,8.919767,4.471779,0.638130,0.000000,2.875339,7.061000,26.130000,1837230981.120000,622350827.520000,10274734.080000,10274734.080000,100663296.000000,456345.600000,3072.000000,5137367.040000,5137367.040000,5137367.040000,5137367.040000,0.000000,0.000000,0.000000,0.000000,25165824.000000,25165824.000000,50331648.000000,0.000000,50331648.000000,50331648.000000,100663296.000000,0.000000,0.500000,0.500000,0.000000,0.838969,0.800003,390881.280000,65464.320000,0.000000,0.000000,0.000000,0.000000,0.000000,0.000000,0.000000,0.000000,0.000000,0.000000,0.000000,pim_cached_kv_scale,1.000000,50331648.000000,0.400002,0.000000,0.000000,292.020000,2.875339,2.015000,7.061000,26.130000,2.875339,2.015000,7.061000,26.130000,0.000000,32.970000,44.550000,16.300000,3.880000,0.880000,0.310000,0.030000,98.920000,1.000000,98.920000,40.270000,4.900000,66.520000,2.875339,2.015000,7.061000,26.130000,6.780654,5.435000,16.035500,31.810000,0.000000,58.430667,76.797000,80.340000,1.388399,6.465344,98.920000,1.000000,1.000000,121212764.160000,6056509.440000,15360.000000,5140439.040000,370851.840000,529858.560000,127728691.200000,319321728.000000,0.045016,786432.000000,1837230981.120000,164395745.280000,200131215.360000,622350827.520000,23341301.760000,134070927.360000,622350827.520000,134070927.360000,57413468.160000,19448463.360000,19448463.360000,19448463.360000,4189716.480000,0.000000
cora_node,trace,cora_node,test,final_evaluation,target_1hop,source_dst_locality,source_dst_locality,balanced,pim_selective_kv_local_combine,4,5,512,32,2560,2,100,318458496.000000,308332800.000000,393136512.000000,10.320000,10.320000,10.320000,100.920000,1.000000,6.000000,1.000000,1.000000,101.920000,98.920000,3.000000,0.164969,0.164969,0.164969,26455572.480000,909312.000000,17341009.920000,17341009.920000,1338178.560000,1338178.560000,61137592.320000,29131929.600000,separate_quantized_data_fp32_scale_and_uint32_gather_index,2273525.760000,1716879.360000,403.680000,899.040000,63411521.760000,30849708.000000,24463.480000,11417.720000,2192.170000,871.210000,5227.260000,5227.260000,171286855.680000,171286855.680000,345169182.720000,320612597.760000,6291456.000000,3145728.000000,10.320000,1.000000,5.000000,10.320000,1.000000,1.000000,1.000000,0.000000,1.315347,1.000000,0,1.000000,85815459.840000,14353367.040000,7176683.520000,1244701655.040000,1024.000000,128.000000,1024.000000,1024.000000,1.000000,1.000000,1.000000,1024.000000,0.000000,1.000000,0.000000,3241410.560000,109.120000,42.510000,5.000000,0.002878,0.754758,8.919767,4.471779,0.638130,0.000000,2.875339,7.061000,26.130000,1837230981.120000,622350827.520000,10274734.080000,15215493.120000,100663296.000000,111052.800000,3072.000000,5137367.040000,5137367.040000,5137367.040000,5137367.040000,57413468.160000,19448463.360000,37965004.800000,4940759.040000,25165824.000000,25165824.000000,50331648.000000,0.000000,50331648.000000,50331648.000000,100663296.000000,0.000000,0.500000,0.500000,0.000000,0.809665,0.801944,45588.480000,65464.320000,0.000000,0.000000,0.000000,0.000000,0.000000,0.000000,0.000000,0.000000,0.000000,0.000000,0.000000,pim_cached_kv_scale,1.000000,50331648.000000,0.400972,0.000000,0.000000,292.020000,2.875339,2.015000,7.061000,26.130000,2.875339,2.015000,7.061000,26.130000,0.000000,32.970000,44.550000,16.300000,3.880000,0.880000,0.310000,0.030000,98.920000,1.000000,98.920000,40.270000,4.900000,66.520000,2.875339,2.015000,7.061000,26.130000,6.780654,5.435000,16.035500,31.810000,0.000000,58.430667,76.797000,80.340000,1.388399,6.465344,98.920000,1.000000,1.000000,126153523.200000,1115750.400000,15360.000000,199680.000000,370851.840000,529858.560000,127383398.400000,318458496.000000,0.008717,786432.000000,622350827.520000,6291456.000000,23341301.760000,622350827.520000,23341301.760000,134070927.360000,622350827.520000,134070927.360000,19448463.360000,19448463.360000,19448463.360000,19448463.360000,4189716.480000,0.000000
cora_link,trace,cora_link,validation,config_selection,target_1hop,source_dst_locality,source_dst_locality,balanced,pim_selective_kv_no_local_combine,4,5,512,32,2560,2,100,328422604.800000,315636480.000000,419581824.000000,14.890000,14.890000,14.890000,118.880000,1.000000,6.000000,2.000000,1.000000,119.880000,116.910000,2.970000,0.149919,0.149919,0.149919,31163678.720000,900433.920000,20506490.880000,20506490.880000,2147773.440000,2147773.440000,72176660.480000,35459225.600000,separate_quantized_data_fp32_scale_and_uint32_gather_index,2678128.640000,2039214.080000,475.520000,1190.240000,74855264.640000,37499629.920000,28823.220000,13478.580000,3304.210000,1398.290000,8389.740000,8389.740000,274915000.320000,274915000.320000,414619975.680000,377109872.640000,6291456.000000,3145728.000000,14.890000,1.000000,4.970000,14.890000,1.000000,1.000000,1.000000,0.000000,1.141496,1.000000,0,1.000000,103565230.080000,17117675.520000,8558837.760000,2926596587.520000,0.000000,128.000000,1024.000000,1024.000000,1.000000,0.000000,1.000000,1024.000000,0.000000,0.000000,0.000000,3830906.880000,131.690000,48.680000,4.970000,0.004299,0.293498,10.127855,4.836648,0.650297,0.000000,2.935984,7.168500,30.250000,2191062466.560000,735534120.960000,11894784.000000,11894784.000000,100073472.000000,524083.200000,3072.000000,5947392.000000,5947392.000000,5947392.000000,5947392.000000,0.000000,0.000000,0.000000,0.000000,25018368.000000,25018368.000000,50036736.000000,0.000000,50036736.000000,50036736.000000,100073472.000000,0.000000,0.500000,0.500000,0.000000,0.816305,0.772925,447037.440000,77045.760000,0.000000,0.000000,0.000000,0.000000,0.000000,0.000000,0.000000,0.000000,0.000000,0.000000,0.000000,pim_cached_kv_scale,1.000000,50036736.000000,0.386463,0.000000,0.000000,348.260000,2.935984,2.030000,7.168500,30.250000,2.935984,2.030000,7.168500,30.250000,0.000000,38.130000,52.080000,20.940000,4.220000,1.130000,0.350000,0.060000,116.910000,1.000000,116.910000,46.260000,4.940000,77.920000,2.935984,2.030000,7.168500,30.250000,7.336617,5.960000,16.555500,36.380000,0.000000,69.668000,89.849000,93.620000,1.343116,7.271589,116.910000,1.000000,1.000000,123863040.000000,6978846.720000,15360.000000,5950464.000000,390512.640000,622510.080000,131369041.920000,328422604.800000,0.050923,786432.000000,2191062466.560000,190316544.000000,228883169.280000,735534120.960000,24599592.960000,157789716.480000,735534120.960000,157789716.480000,68470702.080000,22985441.280000,22985441.280000,22985441.280000,4930928.640000,0.000000
cora_link,trace,cora_link,validation,config_selection,target_1hop,source_dst_locality,source_dst_locality,balanced,pim_selective_kv_local_combine,4,5,512,32,2560,2,100,327425126.400000,314822400.000000,417480576.000000,14.890000,14.890000,14.890000,118.880000,1.000000,6.000000,2.000000,1.000000,119.880000,116.910000,2.970000,0.149919,0.149919,0.149919,31163678.720000,900433.920000,20506490.880000,20506490.880000,2147773.440000,2147773.440000,72176660.480000,35459225.600000,separate_quantized_data_fp32_scale_and_uint32_gather_index,2678128.640000,2039214.080000,475.520000,1190.240000,74855264.640000,37499629.920000,28823.220000,13478.580000,3304.210000,1398.290000,8389.740000,8389.740000,274915000.320000,274915000.320000,414619975.680000,377109872.640000,6291456.000000,3145728.000000,14.890000,1.000000,4.970000,14.890000,1.000000,1.000000,1.000000,0.000000,1.141496,1.000000,0,1.000000,103565230.080000,17117675.520000,8558837.760000,1471068241.920000,1024.000000,128.000000,1024.000000,1024.000000,1.000000,1.000000,1.000000,1024.000000,0.000000,1.000000,0.000000,3830906.880000,131.690000,48.680000,4.970000,0.004250,0.759337,10.127855,4.836648,0.650297,0.000000,2.935984,7.168500,30.250000,2191062466.560000,735534120.960000,11894784.000000,17645568.000000,100073472.000000,125091.840000,3072.000000,5947392.000000,5947392.000000,5947392.000000,5947392.000000,68470702.080000,22985441.280000,45485260.800000,5750784.000000,25018368.000000,25018368.000000,50036736.000000,0.000000,50036736.000000,50036736.000000,100073472.000000,0.000000,0.500000,0.500000,0.000000,0.783253,0.775085,48046.080000,77045.760000,0.000000,0.000000,0.000000,0.000000,0.000000,0.000000,0.000000,0.000000,0.000000,0.000000,0.000000,pim_cached_kv_scale,1.000000,50036736.000000,0.387542,0.000000,0.000000,348.260000,2.935984,2.030000,7.168500,30.250000,2.935984,2.030000,7.168500,30.250000,0.000000,38.130000,52.080000,20.940000,4.220000,1.130000,0.350000,0.060000,116.910000,1.000000,116.910000,46.260000,4.940000,77.920000,2.935984,2.030000,7.168500,30.250000,7.336617,5.960000,16.555500,36.380000,0.000000,69.668000,89.849000,93.620000,1.343116,7.271589,116.910000,1.000000,1.000000,129613824.000000,1228062.720000,15360.000000,199680.000000,390512.640000,622510.080000,130970050.560000,327425126.400000,0.009417,786432.000000,735534120.960000,6291456.000000,24599592.960000,735534120.960000,24599592.960000,157789716.480000,735534120.960000,157789716.480000,22985441.280000,22985441.280000,22985441.280000,22985441.280000,4930928.640000,0.000000
cora_link,trace,cora_link,test,final_evaluation,target_1hop,source_dst_locality,source_dst_locality,balanced,pim_selective_kv_no_local_combine,4,5,512,32,2560,2,100,320207078.400000,311976960.000000,402194304.000000,16.820000,16.820000,16.820000,117.430000,1.000000,6.000000,2.000000,1.000000,118.430000,115.430000,3.000000,0.196918,0.196918,0.196918,30783569.920000,909312.000000,20230686.720000,20230686.720000,2512235.520000,2512235.520000,71244943.360000,35808040.960000,separate_quantized_data_fp32_scale_and_uint32_gather_index,2645463.040000,2027315.200000,469.720000,1277.080000,73890876.120000,37836633.240000,28458.060000,13299.020000,3788.530000,1635.570000,9813.420000,9813.420000,321566146.560000,321566146.560000,415890063.360000,372548567.040000,6291456.000000,3145728.000000,16.820000,1.000000,5.000000,16.820000,1.000000,1.000000,1.000000,0.000000,1.155481,1.000000,0,1.000000,103840481.280000,16545546.240000,8272773.120000,2844052684.800000,0.000000,128.000000,1024.000000,1024.000000,1.000000,0.000000,1.000000,1024.000000,0.000000,0.000000,0.000000,3782410.240000,132.040000,48.470000,5.000000,0.004930,0.329101,9.001448,4.397214,0.649830,0.000000,2.888332,6.808000,26.380000,2117829918.720000,726222766.080000,10373038.080000,10373038.080000,100663296.000000,472320.000000,3072.000000,5186519.040000,5186519.040000,5186519.040000,5186519.040000,0.000000,0.000000,0.000000,0.000000,25165824.000000,25165824.000000,50331648.000000,0.000000,50331648.000000,50331648.000000,100663296.000000,0.000000,0.500000,0.500000,0.000000,0.836036,0.795559,396042.240000,76277.760000,0.000000,0.000000,0.000000,0.000000,0.000000,0.000000,0.000000,0.000000,0.000000,0.000000,0.000000,pim_cached_kv_scale,1.000000,50331648.000000,0.397779,0.000000,0.000000,336.620000,2.888332,2.065000,6.808000,26.380000,2.888332,2.065000,6.808000,26.380000,0.000000,37.530000,53.010000,19.530000,3.760000,1.280000,0.300000,0.020000,115.430000,1.000000,115.430000,45.740000,5.000000,77.010000,2.888332,2.065000,6.808000,26.380000,7.017192,5.770000,16.245000,32.230000,0.000000,67.324000,85.996000,89.060000,1.331525,6.498909,115.430000,1.000000,1.000000,121409372.160000,6198067.200000,15360.000000,5189591.040000,376750.080000,616366.080000,128082831.360000,320207078.400000,0.046453,786432.000000,2117829918.720000,165968609.280000,202773626.880000,726222766.080000,23718789.120000,156216852.480000,726222766.080000,156216852.480000,66182184.960000,22694461.440000,22694461.440000,22694461.440000,4881776.640000,0.000000
cora_link,trace,cora_link,test,final_evaluation,target_1hop,source_dst_locality,source_dst_locality,balanced,pim_selective_kv_local_combine,4,5,512,32,2560,2,100,319332787.200000,311170560.000000,400349568.000000,16.820000,16.820000,16.820000,117.430000,1.000000,6.000000,2.000000,1.000000,118.430000,115.430000,3.000000,0.196918,0.196918,0.196918,30783569.920000,909312.000000,20230686.720000,20230686.720000,2512235.520000,2512235.520000,71244943.360000,35808040.960000,separate_quantized_data_fp32_scale_and_uint32_gather_index,2645463.040000,2027315.200000,469.720000,1277.080000,73890876.120000,37836633.240000,28458.060000,13299.020000,3788.530000,1635.570000,9813.420000,9813.420000,321566146.560000,321566146.560000,415890063.360000,372548567.040000,6291456.000000,3145728.000000,16.820000,1.000000,5.000000,16.820000,1.000000,1.000000,1.000000,0.000000,1.155481,1.000000,0,1.000000,103840481.280000,16545546.240000,8272773.120000,1452445532.160000,1024.000000,128.000000,1024.000000,1024.000000,1.000000,1.000000,1.000000,1024.000000,0.000000,1.000000,0.000000,3782410.240000,132.040000,48.470000,5.000000,0.004864,0.763660,9.001448,4.397214,0.649830,0.000000,2.888332,6.808000,26.380000,2117829918.720000,726222766.080000,10373038.080000,15362949.120000,100663296.000000,122603.520000,3072.000000,5186519.040000,5186519.040000,5186519.040000,5186519.040000,66182184.960000,22694461.440000,43487723.520000,4989911.040000,25165824.000000,25165824.000000,50331648.000000,0.000000,50331648.000000,50331648.000000,100663296.000000,0.000000,0.500000,0.500000,0.000000,0.805912,0.797561,46325.760000,76277.760000,0.000000,0.000000,0.000000,0.000000,0.000000,0.000000,0.000000,0.000000,0.000000,0.000000,0.000000,pim_cached_kv_scale,1.000000,50331648.000000,0.398781,0.000000,0.000000,336.620000,2.888332,2.065000,6.808000,26.380000,2.888332,2.065000,6.808000,26.380000,0.000000,37.530000,53.010000,19.530000,3.760000,1.280000,0.300000,0.020000,115.430000,1.000000,115.430000,45.740000,5.000000,77.010000,2.888332,2.065000,6.808000,26.380000,7.017192,5.770000,16.245000,32.230000,0.000000,67.324000,85.996000,89.060000,1.331525,6.498909,115.430000,1.000000,1.000000,126399283.200000,1208156.160000,15360.000000,199680.000000,376750.080000,616366.080000,127733114.880000,319332787.200000,0.009434,786432.000000,726222766.080000,6291456.000000,23718789.120000,726222766.080000,23718789.120000,156216852.480000,726222766.080000,156216852.480000,22694461.440000,22694461.440000,22694461.440000,22694461.440000,4881776.640000,0.000000
pubmed_node,trace,pubmed_node,validation,config_selection,target_1hop,source_dst_locality,source_dst_locality,balanced,pim_selective_kv_no_local_combine,4,5,512,32,2560,2,100,313411968.000000,309834240.000000,344276352.000000,9.330000,9.330000,9.330000,134.300000,1.000000,6.000000,1.000000,1.000000,135.300000,132.300000,3.000000,0.067424,0.067424,0.067424,35205939.200000,909312.000000,25860249.600000,25860249.600000,1304647.680000,1304647.680000,86926438.400000,37815234.560000,separate_quantized_data_fp32_scale_and_uint32_gather_index,3025510.400000,2257694.720000,537.200000,985.040000,89952486.000000,40073914.320000,34282.500000,16964.100000,2043.620000,849.380000,5096.280000,5096.280000,166994903.040000,166994903.040000,449637089.280000,425616998.400000,6291456.000000,3145728.000000,9.330000,1.000000,5.000000,9.330000,1.000000,1.000000,1.000000,0.000000,1.505114,1.000000,0,1.000000,111256535.040000,19988152.320000,9994076.160000,3390843125.760000,0.000000,128.000000,1024.000000,1024.000000,1.000000,0.000000,1.000000,1024.000000,0.000000,0.000000,0.000000,4335206.400000,141.470000,52.910000,5.000000,0.003217,0.334687,7.925044,3.836182,0.654289,0.000000,3.016105,8.517000,23.530000,2558483496.960000,832359628.800000,9252372.480000,9252372.480000,100663296.000000,448296.960000,3072.000000,4626186.240000,4626186.240000,4626186.240000,4626186.240000,0.000000,0.000000,0.000000,0.000000,25165824.000000,25165824.000000,50331648.000000,0.000000,50331648.000000,50331648.000000,100663296.000000,0.000000,0.500000,0.500000,0.000000,0.846886,0.805991,361267.200000,87029.760000,0.000000,0.000000,0.000000,0.000000,0.000000,0.000000,0.000000,0.000000,0.000000,0.000000,0.000000,pim_cached_kv_scale,1.000000,50331648.000000,0.402995,0.000000,0.000000,406.660000,3.016105,1.970000,8.517000,23.530000,3.016105,1.970000,8.517000,23.530000,0.000000,55.040000,42.200000,24.890000,8.490000,1.400000,0.280000,0.000000,132.300000,1.000000,132.300000,51.420000,5.000000,87.690000,3.016105,1.970000,8.517000,23.530000,7.763647,6.585000,18.067500,29.400000,0.000000,81.332000,100.450000,103.500000,1.286779,5.737399,132.300000,1.000000,1.000000,119168040.960000,5745377.280000,15360.000000,4629258.240000,398376.960000,702382.080000,125364787.200000,313411968.000000,0.045236,786432.000000,2558483496.960000,148037959.680000,184968806.400000,832359628.800000,25102909.440000,178236948.480000,832359628.800000,178236948.480000,79952609.280000,26011238.400000,26011238.400000,26011238.400000,5569904.640000,0.000000
pubmed_node,trace,pubmed_node,validation,config_selection,target_1hop,source_dst_locality,source_dst_locality,balanced,pim_selective_kv_local_combine,4,5,512,32,2560,2,100,312631372.800000,309127680.000000,343261056.000000,9.330000,9.330000,9.330000,134.300000,1.000000,6.000000,1.000000,1.000000,135.300000,132.300000,3.000000,0.067424,0.067424,0.067424,35205939.200000,909312.000000,25860249.600000,25860249.600000,1304647.680000,1304647.680000,86926438.400000,37815234.560000,separate_quantized_data_fp32_scale_and_uint32_gather_index,3025510.400000,2257694.720000,537.200000,985.040000,89952486.000000,40073914.320000,34282.500000,16964.100000,2043.620000,849.380000,5096.280000,5096.280000,166994903.040000,166994903.040000,449637089.280000,425616998.400000,6291456.000000,3145728.000000,9.330000,1.000000,5.000000,9.330000,1.000000,1.000000,1.000000,0.000000,1.505114,1.000000,0,1.000000,111256535.040000,19988152.320000,9994076.160000,1664719257.600000,1024.000000,128.000000,1024.000000,1024.000000,1.000000,1.000000,1.000000,1024.000000,0.000000,1.000000,0.000000,4335206.400000,141.470000,52.910000,5.000000,0.003268,0.760872,7.925044,3.836182,0.654289,0.000000,3.016105,8.517000,23.530000,2558483496.960000,832359628.800000,9252372.480000,13681950.720000,100663296.000000,136058.880000,3072.000000,4626186.240000,4626186.240000,4626186.240000,4626186.240000,79952609.280000,26011238.400000,53941370.880000,4429578.240000,25165824.000000,25165824.000000,50331648.000000,0.000000,50331648.000000,50331648.000000,100663296.000000,0.000000,0.500000,0.500000,0.000000,0.817483,0.807950,49029.120000,87029.760000,0.000000,0.000000,0.000000,0.000000,0.000000,0.000000,0.000000,0.000000,0.000000,0.000000,0.000000,pim_cached_kv_scale,1.000000,50331648.000000,0.403975,0.000000,0.000000,406.660000,3.016105,1.970000,8.517000,23.530000,3.016105,1.970000,8.517000,23.530000,0.000000,55.040000,42.200000,24.890000,8.490000,1.400000,0.280000,0.000000,132.300000,1.000000,132.300000,51.420000,5.000000,87.690000,3.016105,1.970000,8.517000,23.530000,7.763647,6.585000,18.067500,29.400000,0.000000,81.332000,100.450000,103.500000,1.286779,5.737399,132.300000,1.000000,1.000000,123597619.200000,1315799.040000,15360.000000,199680.000000,398376.960000,702382.080000,125052549.120000,312631372.800000,0.010535,786432.000000,832359628.800000,6291456.000000,25102909.440000,832359628.800000,25102909.440000,178236948.480000,832359628.800000,178236948.480000,26011238.400000,26011238.400000,26011238.400000,26011238.400000,5569904.640000,0.000000
pubmed_node,trace,pubmed_node,test,final_evaluation,target_1hop,source_dst_locality,source_dst_locality,balanced,pim_selective_kv_no_local_combine,4,5,512,32,2560,2,100,309201945.600000,309350400.000000,334901760.000000,9.570000,9.570000,9.570000,134.500000,1.000000,6.000000,1.000000,1.000000,135.500000,132.500000,3.000000,0.070008,0.070008,0.070008,35258368.000000,909312.000000,25908556.800000,25908556.800000,1352862.720000,1352862.720000,87075481.600000,37964093.440000,separate_quantized_data_fp32_scale_and_uint32_gather_index,3030016.000000,2262446.080000,538.000000,997.360000,90106035.600000,40227536.880000,34339.550000,16995.550000,2105.730000,880.770000,5284.620000,5284.620000,173166428.160000,173166428.160000,451037675.520000,426246144.000000,6291456.000000,3145728.000000,9.570000,1.000000,5.000000,9.570000,1.000000,1.000000,1.000000,0.000000,1.413099,1.000000,0,1.000000,111610429.440000,19887882.240000,9943941.120000,3379266846.720000,0.000000,128.000000,1024.000000,1024.000000,1.000000,0.000000,1.000000,1024.000000,0.000000,0.000000,0.000000,4341760.000000,141.920000,52.840000,5.000000,0.003332,0.340206,7.496195,3.743047,0.650058,0.000000,2.990437,8.667500,21.830000,2545648926.720000,833617920.000000,8583905.280000,8583905.280000,100663296.000000,433981.440000,3072.000000,4291952.640000,4291952.640000,4291952.640000,4291952.640000,0.000000,0.000000,0.000000,0.000000,25165824.000000,25165824.000000,50331648.000000,0.000000,50331648.000000,50331648.000000,100663296.000000,0.000000,0.500000,0.500000,0.000000,0.855602,0.815743,346521.600000,87459.840000,0.000000,0.000000,0.000000,0.000000,0.000000,0.000000,0.000000,0.000000,0.000000,0.000000,0.000000,pim_cached_kv_scale,1.000000,50331648.000000,0.407871,0.000000,0.000000,404.620000,2.990437,1.925000,8.667500,21.830000,2.990437,1.925000,8.667500,21.830000,0.000000,57.060000,40.300000,24.350000,8.920000,1.780000,0.090000,0.000000,132.500000,1.000000,132.500000,51.390000,5.000000,87.710000,2.990437,1.925000,8.667500,21.830000,7.700295,6.410000,17.661000,28.200000,0.000000,80.924000,96.776000,98.920000,1.241582,5.563394,132.500000,1.000000,1.000000,117831106.560000,5412618.240000,15360.000000,4295024.640000,396410.880000,705822.720000,123680778.240000,309201945.600000,0.043394,786432.000000,2545648926.720000,137342484.480000,177419059.200000,833617920.000000,24977080.320000,179117752.320000,833617920.000000,179117752.320000,79551528.960000,26050560.000000,26050560.000000,26050560.000000,5597429.760000,0.000000
pubmed_node,trace,pubmed_node,test,final_evaluation,target_1hop,source_dst_locality,source_dst_locality,balanced,pim_selective_kv_local_combine,4,5,512,32,2560,2,100,308457600.000000,308782080.000000,333703680.000000,9.570000,9.570000,9.570000,134.500000,1.000000,6.000000,1.000000,1.000000,135.500000,132.500000,3.000000,0.070008,0.070008,0.070008,35258368.000000,909312.000000,25908556.800000,25908556.800000,1352862.720000,1352862.720000,87075481.600000,37964093.440000,separate_quantized_data_fp32_scale_and_uint32_gather_index,3030016.000000,2262446.080000,538.000000,997.360000,90106035.600000,40227536.880000,34339.550000,16995.550000,2105.730000,880.770000,5284.620000,5284.620000,173166428.160000,173166428.160000,451037675.520000,426246144.000000,6291456.000000,3145728.000000,9.570000,1.000000,5.000000,9.570000,1.000000,1.000000,1.000000,0.000000,1.413099,1.000000,0,1.000000,111610429.440000,19887882.240000,9943941.120000,1667235840.000000,1024.000000,128.000000,1024.000000,1024.000000,1.000000,1.000000,1.000000,1024.000000,0.000000,1.000000,0.000000,4341760.000000,141.920000,52.840000,5.000000,0.003388,0.761760,7.496195,3.743047,0.650058,0.000000,2.990437,8.667500,21.830000,2545648926.720000,833617920.000000,8583905.280000,12679249.920000,100663296.000000,136243.200000,3072.000000,4291952.640000,4291952.640000,4291952.640000,4291952.640000,79551528.960000,26050560.000000,53500968.960000,4095344.640000,25165824.000000,25165824.000000,50331648.000000,0.000000,50331648.000000,50331648.000000,100663296.000000,0.000000,0.500000,0.500000,0.000000,0.827442,0.817678,48783.360000,87459.840000,0.000000,0.000000,0.000000,0.000000,0.000000,0.000000,0.000000,0.000000,0.000000,0.000000,0.000000,pim_cached_kv_scale,1.000000,50331648.000000,0.408839,0.000000,0.000000,404.620000,2.990437,1.925000,8.667500,21.830000,2.990437,1.925000,8.667500,21.830000,0.000000,57.060000,40.300000,24.350000,8.920000,1.780000,0.090000,0.000000,132.500000,1.000000,132.500000,51.390000,5.000000,87.710000,2.990437,1.925000,8.667500,21.830000,7.700295,6.410000,17.661000,28.200000,0.000000,80.924000,96.776000,98.920000,1.241582,5.563394,132.500000,1.000000,1.000000,121926451.200000,1317273.600000,15360.000000,199680.000000,396410.880000,705822.720000,123383040.000000,308457600.000000,0.010675,786432.000000,833617920.000000,6291456.000000,24977080.320000,833617920.000000,24977080.320000,179117752.320000,833617920.000000,179117752.320000,26050560.000000,26050560.000000,26050560.000000,26050560.000000,5597429.760000,0.000000
wikics,trace,wikics,validation,config_selection,target_1hop,source_dst_locality,source_dst_locality,balanced,pim_selective_kv_no_local_combine,4,5,512,32,2560,2,100,308505600.000000,305940480.000000,343405056.000000,13.660000,13.660000,13.660000,59.090000,1.000000,6.000000,1.000000,1.000000,60.090000,57.110000,2.980000,0.243674,0.243674,0.243674,15490088.960000,894361.600000,10897136.640000,10897136.640000,2123750.400000,2123750.400000,37284362.240000,19737589.760000,separate_quantized_data_fp32_scale_and_uint32_gather_index,1331179.520000,1052057.600000,236.360000,892.040000,38615778.120000,20790539.400000,14914.010000,7222.490000,3131.130000,1382.650000,8295.900000,8295.900000,271840051.200000,271840051.200000,226152529.920000,189026795.520000,6291456.000000,3145728.000000,13.660000,1.000000,4.960000,13.660000,1.000000,1.000000,1.000000,0.000000,1.151071,1.000000,0,1.000000,55655792.640000,14649262.080000,7324631.040000,2234410598.400000,0.000000,128.000000,1024.000000,1024.000000,1.000000,0.000000,1.000000,1024.000000,0.000000,0.000000,0.000000,1871380.480000,70.770000,32.980000,4.980000,0.004348,0.379963,4.302765,3.109771,0.781377,0.000000,5.110098,12.608500,22.000000,1875105546.240000,359305052.160000,8650752.000000,8650752.000000,100663296.000000,438312.960000,3072.000000,4325376.000000,4325376.000000,4325376.000000,4325376.000000,0.000000,0.000000,0.000000,0.000000,25165824.000000,25165824.000000,50331648.000000,0.000000,50331648.000000,50331648.000000,100663296.000000,0.000000,0.500000,0.500000,0.000000,0.855712,0.819117,400343.040000,37969.920000,0.000000,0.000000,0.000000,0.000000,0.000000,0.000000,0.000000,0.000000,0.000000,0.000000,0.000000,pim_cached_kv_scale,1.000000,50331648.000000,0.409558,0.000000,0.000000,298.040000,5.110098,3.755000,12.608500,22.000000,5.110098,3.755000,12.608500,22.000000,0.000000,11.790000,15.490000,16.910000,10.450000,2.340000,0.130000,0.000000,57.110000,0.982087,57.110000,28.080000,4.940000,40.530000,5.110098,3.755000,12.608500,22.000000,10.397640,8.805000,23.566000,32.580000,0.000000,59.620000,77.164000,79.490000,1.331376,3.651041,57.110000,1.000000,1.000000,117964800.000000,4996055.040000,15360.000000,4328448.000000,342343.680000,309903.360000,123402240.000000,308505600.000000,0.039818,786432.000000,1875105546.240000,138412032.000000,204975636.480000,359305052.160000,21516779.520000,77762396.160000,359305052.160000,77762396.160000,58597048.320000,11228282.880000,11228282.880000,11228282.880000,2430074.880000,0.000000
wikics,trace,wikics,validation,config_selection,target_1hop,source_dst_locality,source_dst_locality,balanced,pim_selective_kv_local_combine,4,5,512,32,2560,2,100,307609804.800000,305080320.000000,342081024.000000,13.660000,13.660000,13.660000,59.090000,1.000000,6.000000,1.000000,1.000000,60.090000,57.110000,2.980000,0.243674,0.243674,0.243674,15490088.960000,894361.600000,10897136.640000,10897136.640000,2123750.400000,2123750.400000,37284362.240000,19737589.760000,separate_quantized_data_fp32_scale_and_uint32_gather_index,1331179.520000,1052057.600000,236.360000,892.040000,38615778.120000,20790539.400000,14914.010000,7222.490000,3131.130000,1382.650000,8295.900000,8295.900000,271840051.200000,271840051.200000,226152529.920000,189026795.520000,6291456.000000,3145728.000000,13.660000,1.000000,4.960000,13.660000,1.000000,1.000000,1.000000,0.000000,1.151071,1.000000,0,1.000000,55655792.640000,14649262.080000,7324631.040000,718610104.320000,1024.000000,128.000000,1024.000000,1024.000000,1.000000,1.000000,1.000000,1024.000000,0.000000,1.000000,0.000000,1871380.480000,70.770000,32.980000,4.980000,0.004347,0.727826,4.302765,3.109771,0.781377,0.000000,5.110098,12.608500,22.000000,1875105546.240000,359305052.160000,8650752.000000,12779520.000000,100663296.000000,79994.880000,3072.000000,4325376.000000,4325376.000000,4325376.000000,4325376.000000,58597048.320000,11228282.880000,47368765.440000,4128768.000000,25165824.000000,25165824.000000,50331648.000000,0.000000,50331648.000000,50331648.000000,100663296.000000,0.000000,0.500000,0.500000,0.000000,0.827835,0.821432,42024.960000,37969.920000,0.000000,0.000000,0.000000,0.000000,0.000000,0.000000,0.000000,0.000000,0.000000,0.000000,0.000000,pim_cached_kv_scale,1.000000,50331648.000000,0.410716,0.000000,0.000000,298.040000,5.110098,3.755000,12.608500,22.000000,5.110098,3.755000,12.608500,22.000000,0.000000,11.790000,15.490000,16.910000,10.450000,2.340000,0.130000,0.000000,57.110000,0.982087,57.110000,28.080000,4.940000,40.530000,5.110098,3.755000,12.608500,22.000000,10.397640,8.805000,23.566000,32.580000,0.000000,59.620000,77.164000,79.490000,1.331376,3.651041,57.110000,1.000000,1.000000,122093568.000000,867287.040000,15360.000000,199680.000000,342343.680000,309903.360000,123043921.920000,307609804.800000,0.007056,786432.000000,359305052.160000,6291456.000000,21516779.520000,359305052.160000,21516779.520000,77762396.160000,359305052.160000,77762396.160000,11228282.880000,11228282.880000,11228282.880000,11228282.880000,2430074.880000,0.000000
wikics,trace,wikics,test,final_evaluation,target_1hop,source_dst_locality,source_dst_locality,balanced,pim_selective_kv_no_local_combine,4,5,512,32,2560,2,100,309819187.200000,304677120.000000,344314368.000000,14.310000,14.310000,14.310000,60.540000,1.000000,6.000000,1.000000,1.000000,61.540000,58.540000,3.000000,0.234020,0.234020,0.234020,15870197.760000,900096.000000,11122560.000000,11122560.000000,2220503.040000,2220503.040000,38115317.760000,20311203.840000,separate_quantized_data_fp32_scale_and_uint32_gather_index,1363845.120000,1079808.000000,242.160000,929.040000,39479405.040000,21391940.880000,15246.370000,7369.250000,3277.320000,1445.640000,8673.840000,8673.840000,284224389.120000,284224389.120000,232261877.760000,193588101.120000,6291456.000000,3145728.000000,14.310000,1.000000,5.000000,14.310000,1.000000,1.000000,1.000000,0.000000,1.160383,1.000000,0,1.000000,57291571.200000,16362209.280000,8181104.640000,2462664622.080000,0.000000,128.000000,1024.000000,1024.000000,1.000000,0.000000,1.000000,1024.000000,0.000000,0.000000,0.000000,1918238.720000,72.850000,33.790000,5.000000,0.004604,0.386165,4.078721,3.037937,0.809972,0.000000,5.653771,13.537000,22.490000,2094362787.840000,368301834.240000,8843427.840000,8843427.840000,100663296.000000,463380.480000,3072.000000,4421713.920000,4421713.920000,4421713.920000,4421713.920000,0.000000,0.000000,0.000000,0.000000,25165824.000000,25165824.000000,50331648.000000,0.000000,50331648.000000,50331648.000000,100663296.000000,0.000000,0.500000,0.500000,0.000000,0.852826,0.815464,424550.400000,38830.080000,0.000000,0.000000,0.000000,0.000000,0.000000,0.000000,0.000000,0.000000,0.000000,0.000000,0.000000,pim_cached_kv_scale,1.000000,50331648.000000,0.407732,0.000000,0.000000,332.890000,5.653771,4.415000,13.537000,22.490000,5.653771,4.415000,13.537000,22.490000,0.000000,10.890000,14.410000,18.020000,12.090000,2.910000,0.220000,0.000000,58.540000,0.982892,58.540000,28.680000,5.000000,41.490000,5.653771,4.415000,13.537000,22.490000,11.557340,9.975000,25.648000,34.550000,0.000000,66.578000,85.236000,87.720000,1.328131,3.531365,58.540000,1.000000,1.000000,118350151.680000,5111070.720000,15360.000000,4424785.920000,354140.160000,316784.640000,123927674.880000,309819187.200000,0.040624,786432.000000,2094362787.840000,141494845.440000,217369804.800000,368301834.240000,22271754.240000,79524003.840000,368301834.240000,79524003.840000,65448837.120000,11509432.320000,11509432.320000,11509432.320000,2485125.120000,0.000000
wikics,trace,wikics,test,final_evaluation,target_1hop,source_dst_locality,source_dst_locality,balanced,pim_selective_kv_local_combine,4,5,512,32,2560,2,100,308866560.000000,303920640.000000,342343680.000000,14.310000,14.310000,14.310000,60.540000,1.000000,6.000000,1.000000,1.000000,61.540000,58.540000,3.000000,0.234020,0.234020,0.234020,15870197.760000,900096.000000,11122560.000000,11122560.000000,2220503.040000,2220503.040000,38115317.760000,20311203.840000,separate_quantized_data_fp32_scale_and_uint32_gather_index,1363845.120000,1079808.000000,242.160000,929.040000,39479405.040000,21391940.880000,15246.370000,7369.250000,3277.320000,1445.640000,8673.840000,8673.840000,284224389.120000,284224389.120000,232261877.760000,193588101.120000,6291456.000000,3145728.000000,14.310000,1.000000,5.000000,14.310000,1.000000,1.000000,1.000000,0.000000,1.160383,1.000000,0,1.000000,57291571.200000,16362209.280000,8181104.640000,736603668.480000,1024.000000,128.000000,1024.000000,1024.000000,1.000000,1.000000,1.000000,1024.000000,0.000000,1.000000,0.000000,1918238.720000,72.850000,33.790000,5.000000,0.004616,0.714954,4.078721,3.037937,0.809972,0.000000,5.653771,13.537000,22.490000,2094362787.840000,368301834.240000,8843427.840000,13068533.760000,100663296.000000,82329.600000,3072.000000,4421713.920000,4421713.920000,4421713.920000,4421713.920000,65448837.120000,11509432.320000,53939404.800000,4225105.920000,25165824.000000,25165824.000000,50331648.000000,0.000000,50331648.000000,50331648.000000,100663296.000000,0.000000,0.500000,0.500000,0.000000,0.824424,0.817908,43499.520000,38830.080000,0.000000,0.000000,0.000000,0.000000,0.000000,0.000000,0.000000,0.000000,0.000000,0.000000,0.000000,pim_cached_kv_scale,1.000000,50331648.000000,0.408954,0.000000,0.000000,332.890000,5.653771,4.415000,13.537000,22.490000,5.653771,4.415000,13.537000,22.490000,0.000000,10.890000,14.410000,18.020000,12.090000,2.910000,0.220000,0.000000,58.540000,0.982892,58.540000,28.680000,5.000000,41.490000,5.653771,4.415000,13.537000,22.490000,11.557340,9.975000,25.648000,34.550000,0.000000,66.578000,85.236000,87.720000,1.328131,3.531365,58.540000,1.000000,1.000000,122575257.600000,885964.800000,15360.000000,199680.000000,354140.160000,316784.640000,123546624.000000,308866560.000000,0.007190,786432.000000,368301834.240000,6291456.000000,22271754.240000,368301834.240000,22271754.240000,79524003.840000,368301834.240000,79524003.840000,11509432.320000,11509432.320000,11509432.320000,11509432.320000,2485125.120000,0.000000
arxiv,trace,arxiv,validation,config_selection,target_1hop,source_dst_locality,source_dst_locality,balanced,pim_selective_kv_no_local_combine,4,5,512,32,2560,2,100,296925081.600000,297020160.000000,323547648.000000,11.530000,11.530000,11.530000,56.690000,1.000000,6.000000,1.000000,1.000000,57.690000,54.690000,3.000000,0.202093,0.202093,0.202093,14860943.360000,909312.000000,10586803.200000,10586803.200000,1736555.520000,1736555.520000,36034549.760000,18334054.400000,separate_quantized_data_fp32_scale_and_uint32_gather_index,1277112.320000,999649.280000,226.760000,780.200000,37311888.840000,19334483.880000,14404.770000,7020.450000,2606.410000,1130.570000,6783.420000,6783.420000,222279106.560000,222279106.560000,212407664.640000,181477048.320000,6291456.000000,3145728.000000,11.530000,1.000000,5.000000,11.530000,1.000000,1.000000,1.000000,0.000000,1.211211,1.000000,0,1.000000,52077527.040000,8017674.240000,4008837.120000,1370342031.360000,0.000000,128.000000,1024.000000,1024.000000,1.000000,0.000000,1.000000,1024.000000,0.000000,0.000000,0.000000,1792081.920000,66.220000,31.690000,5.000000,0.003455,0.345454,5.872729,3.750864,0.650528,0.000000,2.944297,8.264000,17.440000,1026262302.720000,344079728.640000,6857687.040000,6857687.040000,100663296.000000,307445.760000,3072.000000,3428843.520000,3428843.520000,3428843.520000,3428843.520000,0.000000,0.000000,0.000000,0.000000,25165824.000000,25165824.000000,50331648.000000,0.000000,50331648.000000,50331648.000000,100663296.000000,0.000000,0.500000,0.500000,0.000000,0.881781,0.850002,270950.400000,36495.360000,0.000000,0.000000,0.000000,0.000000,0.000000,0.000000,0.000000,0.000000,0.000000,0.000000,0.000000,pim_cached_kv_scale,1.000000,50331648.000000,0.425001,0.000000,0.000000,163.120000,2.944297,1.970000,8.264000,17.440000,2.944297,1.970000,8.264000,17.440000,0.000000,20.560000,20.960000,9.300000,3.120000,0.750000,0.000000,0.000000,54.690000,1.000000,54.690000,27.450000,5.000000,39.130000,2.944297,1.970000,8.264000,17.440000,5.855844,4.475000,14.228500,22.050000,0.000000,32.624000,44.260000,46.260000,1.421846,4.743155,54.690000,1.000000,1.000000,114378670.080000,4080844.800000,15360.000000,3431915.520000,335462.400000,298106.880000,118770032.640000,296925081.600000,0.033868,786432.000000,1026262302.720000,109722992.640000,138726604.800000,344079728.640000,21076377.600000,74742497.280000,344079728.640000,74742497.280000,32070696.960000,10752491.520000,10752491.520000,10752491.520000,2335703.040000,0.000000
arxiv,trace,arxiv,validation,config_selection,target_1hop,source_dst_locality,source_dst_locality,balanced,pim_selective_kv_local_combine,4,5,512,32,2560,2,100,296350617.600000,296375040.000000,322805760.000000,11.530000,11.530000,11.530000,56.690000,1.000000,6.000000,1.000000,1.000000,57.690000,54.690000,3.000000,0.202093,0.202093,0.202093,14860943.360000,909312.000000,10586803.200000,10586803.200000,1736555.520000,1736555.520000,36034549.760000,18334054.400000,separate_quantized_data_fp32_scale_and_uint32_gather_index,1277112.320000,999649.280000,226.760000,780.200000,37311888.840000,19334483.880000,14404.770000,7020.450000,2606.410000,1130.570000,6783.420000,6783.420000,222279106.560000,222279106.560000,212407664.640000,181477048.320000,6291456.000000,3145728.000000,11.530000,1.000000,5.000000,11.530000,1.000000,1.000000,1.000000,0.000000,1.211211,1.000000,0,1.000000,52077527.040000,8017674.240000,4008837.120000,688159457.280000,1024.000000,128.000000,1024.000000,1024.000000,1.000000,1.000000,1.000000,1024.000000,0.000000,1.000000,0.000000,1792081.920000,66.220000,31.690000,5.000000,0.003428,0.723780,5.872729,3.750864,0.650528,0.000000,2.944297,8.264000,17.440000,1026262302.720000,344079728.640000,6857687.040000,10089922.560000,100663296.000000,77660.160000,3072.000000,3428843.520000,3428843.520000,3428843.520000,3428843.520000,32070696.960000,10752491.520000,21318205.440000,3232235.520000,25165824.000000,25165824.000000,50331648.000000,0.000000,50331648.000000,50331648.000000,100663296.000000,0.000000,0.500000,0.500000,0.000000,0.858332,0.851607,41164.800000,36495.360000,0.000000,0.000000,0.000000,0.000000,0.000000,0.000000,0.000000,0.000000,0.000000,0.000000,0.000000,pim_cached_kv_scale,1.000000,50331648.000000,0.425804,0.000000,0.000000,163.120000,2.944297,1.970000,8.264000,17.440000,2.944297,1.970000,8.264000,17.440000,0.000000,20.560000,20.960000,9.300000,3.120000,0.750000,0.000000,0.000000,54.690000,1.000000,54.690000,27.450000,5.000000,39.130000,2.944297,1.970000,8.264000,17.440000,5.855844,4.475000,14.228500,22.050000,0.000000,32.624000,44.260000,46.260000,1.421846,4.743155,54.690000,1.000000,1.000000,117610905.600000,848609.280000,15360.000000,199680.000000,335462.400000,298106.880000,118540247.040000,296350617.600000,0.007157,786432.000000,344079728.640000,6291456.000000,21076377.600000,344079728.640000,21076377.600000,74742497.280000,344079728.640000,74742497.280000,10752491.520000,10752491.520000,10752491.520000,10752491.520000,2335703.040000,0.000000
arxiv,trace,arxiv,test,final_evaluation,target_1hop,source_dst_locality,source_dst_locality,balanced,pim_selective_kv_no_local_combine,4,5,512,32,2560,2,100,298311782.400000,296048640.000000,323573760.000000,12.170000,12.170000,12.170000,57.590000,1.000000,6.000000,1.000000,1.000000,58.590000,55.590000,3.000000,0.209051,0.209051,0.209051,15096872.960000,909312.000000,10746531.840000,10746531.840000,1855564.800000,1855564.800000,36589936.640000,18808002.560000,separate_quantized_data_fp32_scale_and_uint32_gather_index,1297387.520000,1018327.040000,230.360000,814.520000,37887554.520000,19827144.120000,14623.960000,7124.440000,2765.810000,1208.050000,7248.300000,7248.300000,237512294.400000,237512294.400000,217142968.320000,184308203.520000,6291456.000000,3145728.000000,12.170000,1.000000,5.000000,12.170000,1.000000,1.000000,1.000000,0.000000,1.125696,1.000000,0,1.000000,53288632.320000,9060679.680000,4530339.840000,1509509038.080000,0.000000,128.000000,1024.000000,1024.000000,1.000000,0.000000,1.000000,1024.000000,0.000000,0.000000,0.000000,1821573.120000,67.760000,32.200000,5.000000,0.003712,0.360476,5.437061,3.464247,0.686813,0.000000,3.299562,9.056000,17.990000,1159766999.040000,349742039.040000,7073955.840000,7073955.840000,100663296.000000,318504.960000,3072.000000,3536977.920000,3536977.920000,3536977.920000,3536977.920000,0.000000,0.000000,0.000000,0.000000,25165824.000000,25165824.000000,50331648.000000,0.000000,50331648.000000,50331648.000000,100663296.000000,0.000000,0.500000,0.500000,0.000000,0.878474,0.846059,281395.200000,37109.760000,0.000000,0.000000,0.000000,0.000000,0.000000,0.000000,0.000000,0.000000,0.000000,0.000000,0.000000,pim_cached_kv_scale,1.000000,50331648.000000,0.423030,0.000000,0.000000,184.340000,3.299562,2.295000,9.056000,17.990000,3.299562,2.295000,9.056000,17.990000,0.000000,18.350000,20.970000,11.580000,3.780000,0.870000,0.040000,0.000000,55.590000,1.000000,55.590000,27.750000,5.000000,39.680000,3.299562,2.295000,9.056000,17.990000,6.601090,5.255000,16.417000,22.900000,0.000000,36.868000,49.154000,51.110000,1.389963,4.455237,55.590000,1.000000,1.000000,114811207.680000,4191928.320000,15360.000000,3540049.920000,333496.320000,303022.080000,119324712.960000,298311782.400000,0.034644,786432.000000,1159766999.040000,113183293.440000,144074342.400000,349742039.040000,20950548.480000,76000788.480000,349742039.040000,76000788.480000,36242718.720000,10929438.720000,10929438.720000,10929438.720000,2375024.640000,0.000000
arxiv,trace,arxiv,test,final_evaluation,target_1hop,source_dst_locality,source_dst_locality,balanced,pim_selective_kv_local_combine,4,5,512,32,2560,2,100,297710592.000000,295526400.000000,322560000.000000,12.170000,12.170000,12.170000,57.590000,1.000000,6.000000,1.000000,1.000000,58.590000,55.590000,3.000000,0.209051,0.209051,0.209051,15096872.960000,909312.000000,10746531.840000,10746531.840000,1855564.800000,1855564.800000,36589936.640000,18808002.560000,separate_quantized_data_fp32_scale_and_uint32_gather_index,1297387.520000,1018327.040000,230.360000,814.520000,37887554.520000,19827144.120000,14623.960000,7124.440000,2765.810000,1208.050000,7248.300000,7248.300000,237512294.400000,237512294.400000,217142968.320000,184308203.520000,6291456.000000,3145728.000000,12.170000,1.000000,5.000000,12.170000,1.000000,1.000000,1.000000,0.000000,1.125696,1.000000,0,1.000000,53288632.320000,9060679.680000,4530339.840000,699484078.080000,1024.000000,128.000000,1024.000000,1024.000000,1.000000,1.000000,1.000000,1024.000000,0.000000,1.000000,0.000000,1821573.120000,67.760000,32.200000,5.000000,0.003689,0.730884,5.437061,3.464247,0.686813,0.000000,3.299562,9.056000,17.990000,1159766999.040000,349742039.040000,7073955.840000,10414325.760000,100663296.000000,78028.800000,3072.000000,3536977.920000,3536977.920000,3536977.920000,3536977.920000,36242718.720000,10929438.720000,25313280.000000,3340369.920000,25165824.000000,25165824.000000,50331648.000000,0.000000,50331648.000000,50331648.000000,100663296.000000,0.000000,0.500000,0.500000,0.000000,0.854418,0.847723,40919.040000,37109.760000,0.000000,0.000000,0.000000,0.000000,0.000000,0.000000,0.000000,0.000000,0.000000,0.000000,0.000000,pim_cached_kv_scale,1.000000,50331648.000000,0.423862,0.000000,0.000000,184.340000,3.299562,2.295000,9.056000,17.990000,3.299562,2.295000,9.056000,17.990000,0.000000,18.350000,20.970000,11.580000,3.780000,0.870000,0.040000,0.000000,55.590000,1.000000,55.590000,27.750000,5.000000,39.680000,3.299562,2.295000,9.056000,17.990000,6.601090,5.255000,16.417000,22.900000,0.000000,36.868000,49.154000,51.110000,1.389963,4.455237,55.590000,1.000000,1.000000,118151577.600000,851558.400000,15360.000000,199680.000000,333496.320000,303022.080000,119084236.800000,297710592.000000,0.007153,786432.000000,349742039.040000,6291456.000000,20950548.480000,349742039.040000,20950548.480000,76000788.480000,349742039.040000,76000788.480000,10929438.720000,10929438.720000,10929438.720000,10929438.720000,2375024.640000,0.000000
